{
  "2022-10-28_Corn": {
    "date": "2022-10-28",
    "crop": "Corn",
    "operationName": "Harvest: Corn",
    "summary": {
      "AreaWorked": {
        "value": 80.43,
        "name": "Area Worked",
        "unit": "ac"
      },
      "TotalDryYield": {
        "value": 17373.600000000002,
        "name": "Total Dry Yield",
        "unit": "bu"
      },
      "AverageDryYield": {
        "value": 216.01,
        "name": "Average Dry Yield",
        "unit": "bu/ac"
      },
      "AverageSpeed": {
        "value": 4.8,
        "name": "Average Speed",
        "unit": "mi/hr"
      },
      "AverageMoisture": {
        "value": 13.46,
        "name": "Average Moisture",
        "unit": "prcnt"
      },
      "WetWeight": {
        "value": 972933.0,
        "name": "Wet Weight",
        "unit": "lb"
      },
      "AverageWetWeight": {
        "value": 12096.6,
        "name": "Average Wet Weight",
        "unit": "lb/ac"
      }
    },
    "tilesets": {
      "DryYield": {
        "tilesetName": "Dry Yield",
        "resultName": "HarvestYieldResult",
        "legend": {
          "ranges": [
            {
              "low": 0.0,
              "high": 187.31,
              "pct": 7.0,
              "color": "#EC1F28"
            },
            {
              "low": 187.31,
              "high": 200.82,
              "pct": 11.0,
              "color": "#F58020"
            },
            {
              "low": 200.82,
              "high": 210.86,
              "pct": 18.0,
              "color": "#FDB915"
            },
            {
              "low": 210.86,
              "high": 219.85,
              "pct": 23.0,
              "color": "#FFF200"
            },
            {
              "low": 219.85,
              "high": 229.38,
              "pct": 20.0,
              "color": "#B2D239"
            },
            {
              "low": 229.38,
              "high": 241.33,
              "pct": 14.0,
              "color": "#71BF44"
            },
            {
              "low": 241.33,
              "high": 241.33,
              "pct": 7.0,
              "color": "#0BA74A"
            }
          ],
          "unit": "bu/ac",
          "type": "graduated"
        },
        "attribute": "BuPerAc"
      },
      "Moisture": {
        "tilesetName": "Moisture",
        "resultName": "HarvestMoistureResult",
        "legend": {
          "ranges": [
            {
              "low": 0.0,
              "high": 12.73,
              "pct": 10.0,
              "color": "#EC1F28"
            },
            {
              "low": 12.73,
              "high": 13.06,
              "pct": 9.0,
              "color": "#F58020"
            },
            {
              "low": 13.06,
              "high": 13.34,
              "pct": 18.0,
              "color": "#FDB915"
            },
            {
              "low": 13.34,
              "high": 13.58,
              "pct": 18.0,
              "color": "#FFF200"
            },
            {
              "low": 13.58,
              "high": 13.84,
              "pct": 21.0,
              "color": "#B2D239"
            },
            {
              "low": 13.84,
              "high": 14.15,
              "pct": 14.0,
              "color": "#71BF44"
            },
            {
              "low": 14.15,
              "high": 14.15,
              "pct": 8.0,
              "color": "#0BA74A"
            }
          ],
          "unit": "prcnt",
          "type": "graduated"
        },
        "attribute": "Moisture"
      },
      "HarvestSpeed": {
        "tilesetName": "Harvest Speed",
        "resultName": "HarvestSpeedResult",
        "legend": {
          "ranges": [
            {
              "low": 0.07,
              "high": 4.25,
              "pct": 12.0,
              "color": "#EC1F28"
            },
            {
              "low": 4.25,
              "high": 4.53,
              "pct": 11.0,
              "color": "#F58020"
            },
            {
              "low": 4.53,
              "high": 4.82,
              "pct": 14.0,
              "color": "#FDB915"
            },
            {
              "low": 4.82,
              "high": 5.1,
              "pct": 14.0,
              "color": "#FFF200"
            },
            {
              "low": 5.1,
              "high": 5.29,
              "pct": 18.0,
              "color": "#B2D239"
            },
            {
              "low": 5.29,
              "high": 5.47,
              "pct": 22.0,
              "color": "#71BF44"
            },
            {
              "low": 5.47,
              "high": 5.47,
              "pct": 8.0,
              "color": "#0BA74A"
            }
          ],
          "unit": "mi/hr",
          "type": "graduated"
        },
        "attribute": "Speed"
      },
      "WetWeight": {
        "tilesetName": "Wet Weight",
        "resultName": "HarvestWetMassResult",
        "legend": {
          "ranges": [
            {
              "low": 0.0,
              "high": 10488.54,
              "pct": 7.0,
              "color": "#EC1F28"
            },
            {
              "low": 10488.54,
              "high": 11245.45,
              "pct": 11.0,
              "color": "#F58020"
            },
            {
              "low": 11245.45,
              "high": 11807.67,
              "pct": 18.0,
              "color": "#FDB915"
            },
            {
              "low": 11807.67,
              "high": 12311.11,
              "pct": 23.0,
              "color": "#FFF200"
            },
            {
              "low": 12311.11,
              "high": 12844.8,
              "pct": 20.0,
              "color": "#B2D239"
            },
            {
              "low": 12844.8,
              "high": 13514.11,
              "pct": 14.0,
              "color": "#71BF44"
            },
            {
              "low": 13514.11,
              "high": 13514.11,
              "pct": 7.0,
              "color": "#0BA74A"
            }
          ],
          "unit": "lb/ac",
          "type": "graduated"
        },
        "attribute": "WetMass"
      }
    }
  }
}